{
    "runDir":  "D:\\javaproject\\FlashChat\\perf\\results\\20260419-223341-ten-room-multi-room-20x50-250vu",
    "summaryPath":  "D:\\javaproject\\FlashChat\\perf\\results\\20260419-223341-ten-room-multi-room-20x50-250vu\\ten-room-summary.json",
    "totalSendSuccesses":  359147,
    "totalSendSuccessesPerSec":  782.5617957605965,
    "totalSendSuccessRate":  1,
    "totalHttpP95Ms":  82.63686,
    "totalHttpP99Ms":  138.0791479999993,
    "totalWsListenerLogins":  20,
    "totalWsBroadcastP95Ms":  103,
    "totalWsBroadcastP99Ms":  235,
    "perRoomSendSuccessesPerSec":  {
                                       "room_01":  40.86176789976936,
                                       "room_02":  37.37545484907715,
                                       "room_03":  40.69616802986148,
                                       "room_04":  37.30137069674994,
                                       "room_05":  43.986375971452254,
                                       "room_06":  40.67655751895134,
                                       "room_07":  40.75935745390528,
                                       "room_08":  40.576326018743934,
                                       "room_09":  40.659125953697874,
                                       "room_10":  40.57414707308725,
                                       "room_11":  37.61295992565556,
                                       "room_12":  37.68050724101272,
                                       "room_13":  41.00122042179705,
                                       "room_14":  37.59334941474542,
                                       "room_15":  37.65000200181917,
                                       "room_16":  37.54977050161176,
                                       "room_17":  37.56066522989518,
                                       "room_18":  37.48876002322465,
                                       "room_19":  37.45825478403109,
                                       "room_20":  37.49965475150806
                                   },
    "perRoomSendSuccessRate":  {
                                   "room_01":  1,
                                   "room_02":  1,
                                   "room_03":  1,
                                   "room_04":  1,
                                   "room_05":  1,
                                   "room_06":  1,
                                   "room_07":  1,
                                   "room_08":  1,
                                   "room_09":  1,
                                   "room_10":  1,
                                   "room_11":  1,
                                   "room_12":  1,
                                   "room_13":  1,
                                   "room_14":  1,
                                   "room_15":  1,
                                   "room_16":  1,
                                   "room_17":  1,
                                   "room_18":  1,
                                   "room_19":  1,
                                   "room_20":  1
                               },
    "perRoomWsListenerLogins":  {
                                    "room_01":  1,
                                    "room_02":  1,
                                    "room_03":  1,
                                    "room_04":  1,
                                    "room_05":  1,
                                    "room_06":  1,
                                    "room_07":  1,
                                    "room_08":  1,
                                    "room_09":  1,
                                    "room_10":  1,
                                    "room_11":  1,
                                    "room_12":  1,
                                    "room_13":  1,
                                    "room_14":  1,
                                    "room_15":  1,
                                    "room_16":  1,
                                    "room_17":  1,
                                    "room_18":  1,
                                    "room_19":  1,
                                    "room_20":  1
                                },
    "perRoomWsBroadcastP95Ms":  {
                                    "room_01":  100,
                                    "room_02":  107,
                                    "room_03":  107,
                                    "room_04":  106,
                                    "room_05":  122,
                                    "room_06":  105,
                                    "room_07":  115.75,
                                    "room_08":  78,
                                    "room_09":  105,
                                    "room_10":  107,
                                    "room_11":  106,
                                    "room_12":  103,
                                    "room_13":  121,
                                    "room_14":  78,
                                    "room_15":  102,
                                    "room_16":  101,
                                    "room_17":  106.14999999999964,
                                    "room_18":  104,
                                    "room_19":  105.5,
                                    "room_20":  105
                                },
    "perRoomWsBroadcastP99Ms":  {
                                    "room_01":  241.91999999999825,
                                    "room_02":  246,
                                    "room_03":  222.2400000000016,
                                    "room_04":  235,
                                    "room_05":  259.1399999999994,
                                    "room_06":  244.3299999999981,
                                    "room_07":  258.9500000000007,
                                    "room_08":  138.79999999999927,
                                    "room_09":  238,
                                    "room_10":  234,
                                    "room_11":  234.38999999999942,
                                    "room_12":  214.0799999999981,
                                    "room_13":  254,
                                    "room_14":  139.47999999999956,
                                    "room_15":  248.22000000000116,
                                    "room_16":  246,
                                    "room_17":  230,
                                    "room_18":  245,
                                    "room_19":  217,
                                    "room_20":  236
                                },
    "roomSkew":  1.1792160757053567,
    "roomsMissingWsListener":  [

                               ],
    "roomsWithExtraWsListeners":  [

                                  ],
    "sendTimeoutFailures":  null,
    "sendTransportFailures":  null,
    "sendRateLimited":  null,
    "sendRoomGlobalLimited":  null,
    "sendUserRoomLimited":  null,
    "runtimeSummary":  {
                           "sampleCount":  43,
                           "firstSampleAt":  "2026-04-19T22:35:57",
                           "lastSampleAt":  "2026-04-19T22:43:23",
                           "processCpuUsage":  {
                                                   "min":  0.0010358659829009785,
                                                   "max":  0.16443335548470331,
                                                   "avg":  0.10486259267760929,
                                                   "last":  0.0012024654813525117
                                               },
                           "hikariPending":  null,
                           "mailboxBacklog":  {
                                                  "min":  1,
                                                  "max":  55,
                                                  "avg":  9.4166666666666661,
                                                  "last":  17
                                              },