{
  "roomCount": 20,
  "participantsPerRoom": 50,
  "totalParticipants": 1000,
  "setupTopologySource": "fresh-build",
  "setupRoomDuration": "DAY_3",
  "setupShardCount": 8,
  "setupShardCounts": [
    3,
    3,
    1,
    3,
    3,
    1,
    3,
    3
  ],
  "setupActualMaxRoomsPerShard": 3,
  "wsListenersPerRoom": 1,
  "totalWsListenerCount": 20,
  "totalSendAttempts": 359147,
  "totalSendSuccesses": 359147,
  "totalSendSuccessesPerSec": 782.5617957605965,
  "totalSendFailures": null,
  "totalSendSuccessRate": 1,
  "totalHttpP95Ms": 82.63686,
  "totalHttpP99Ms": 138.0791479999993,
  "totalHttpReqRate": 788.5538963164738,
  "totalHttpReqFailedRate": 0,
  "totalWsBroadcastP95Ms": 103,
  "totalWsBroadcastP99Ms": 235,
  "totalWsListenerLogins": 20,
  "totalWsMessagesReceived": 359145,
  "sendRateLimited": null,
  "sendRoomGlobalLimited": null,
  "sendUserRoomLimited": null,
  "sendUserGlobalLimited": null,
  "sendRoomBusyFailures": null,
  "sendSystemBusyFailures": null,
  "sendTimeoutFailures": null,
  "sendTransportFailures": null,
  "sendOtherBusinessFailures": null,
  "sendUnknownFailures": null,
  "roomWsConnectFailures": 0,
  "roomWsLoginFailures": null,
  "perRoomSendSuccessesPerSec": {
    "room_01": 40.86176789976936,
    "room_02": 37.37545484907715,
    "room_03": 40.69616802986148,
    "room_04": 37.30137069674994,
    "room_05": 43.986375971452254,
    "room_06": 40.67655751895134,
    "room_07": 40.75935745390528,
    "room_08": 40.576326018743934,
    "room_09": 40.659125953697874,
    "room_10": 40.57414707308725,
    "room_11": 37.61295992565556,
    "room_12": 37.68050724101272,
    "room_13": 41.00122042179705,
    "room_14": 37.59334941474542,
    "room_15": 37.65000200181917,
    "room_16": 37.54977050161176,
    "room_17": 37.56066522989518,
    "room_18": 37.48876002322465,
    "room_19": 37.45825478403109,
    "room_20": 37.49965475150806
  },
  "perRoomSendSuccessRate": {
    "room_01": 1,
    "room_02": 1,
    "room_03": 1,
    "room_04": 1,
    "room_05": 1,
    "room_06": 1,
    "room_07": 1,
    "room_08": 1,
    "room_09": 1,
    "room_10": 1,
    "room_11": 1,
    "room_12": 1,
    "room_13": 1,
    "room_14": 1,
    "room_15": 1,
    "room_16": 1,
    "room_17": 1,
    "room_18": 1,
    "room_19": 1,
    "room_20": 1
  },
  "perRoomWsListenerLogins": {
    "room_01": 1,
    "room_02": 1,
    "room_03": 1,
    "room_04": 1,
    "room_05": 1,
    "room_06": 1,
    "room_07": 1,
    "room_08": 1,
    "room_09": 1,
    "room_10": 1,
    "room_11": 1,
    "room_12": 1,
    "room_13": 1,
    "room_14": 1,
    "room_15": 1,
    "room_16": 1,
    "room_17": 1,
    "room_18": 1,
    "room_19": 1,
    "room_20": 1
  },
  "perRoomWsBroadcastP95Ms": {
    "room_01": 100,
    "room_02": 107,
    "room_03": 107,
    "room_04": 106,
    "room_05": 122,
    "room_06": 105,
    "room_07": 115.75,
    "room_08": 78,
    "room_09": 105,
    "room_10": 107,
    "room_11": 106,
    "room_12": 103,
    "room_13": 121,
    "room_14": 78,
    "room_15": 102,
    "room_16": 101,
    "room_17": 106.14999999999964,
    "room_18": 104,
    "room_19": 105.5,
    "room_20": 105
  },
  "perRoomWsBroadcastP99Ms": {
    "room_01": 241.91999999999825,
    "room_02": 246,
    "room_03": 222.2400000000016,
    "room_04": 235,
    "room_05": 259.1399999999994,
    "room_06": 244.3299999999981,
    "room_07": 258.9500000000007,
    "room_08": 138.79999999999927,
    "room_09": 238,
    "room_10": 234,
    "room_11": 234.38999999999942,
    "room_12": 214.0799999999981,
    "room_13": 254,
    "room_14": 139.47999999999956,
    "room_15": 248.22000000000116,
    "room_16": 246,
    "room_17": 230,
    "room_18": 245,
    "room_19": 217,
    "room_20": 236
  },
  "roomSkew": 1.1792160757053567,
  "roomsMissingWsListener": [],
  "roomsWithExtraWsListeners": [],
  "rooms": [
        {
          "roomKey": "room_01",
          "roomId": "2MAy2O",
          "sendAttempts": 18753,
          "sendSuccesses": 18753,
          "sendSuccessesPerSec": 40.86176789976936,
          "sendFailures": null,
          "sendSuccessRate": 1,
          "wsListenerLogins": 1,
          "wsMessagesReceived": 18753,
          "wsBroadcastP95Ms": 100,
          "wsBroadcastP99Ms": 241.91999999999825
        },
        {
          "roomKey": "room_02",
          "roomId": "2PHhda",
          "sendAttempts": 17153,
          "sendSuccesses": 17153,
          "sendSuccessesPerSec": 37.37545484907715,
          "sendFailures": null,
          "sendSuccessRate": 1,
          "wsListenerLogins": 1,
          "wsMessagesReceived": 17153,
          "wsBroadcastP95Ms": 107,
          "wsBroadcastP99Ms": 246
        },
        {
          "roomKey": "room_03",
          "roomId": "387sQc",
          "sendAttempts": 18677,
          "sendSuccesses": 18677,
          "sendSuccessesPerSec": 40.69616802986148,
          "sendFailures": null,
          "sendSuccessRate": 1,
          "wsListenerLogins": 1,
          "wsMessagesReceived": 18677,
          "wsBroadcastP95Ms": 107,
          "wsBroadcastP99Ms": 222.2400000000016
        },
        {
          "roomKey": "room_04",
          "roomId": "4LZDSf",
          "sendAttempts": 17119,
          "sendSuccesses": 17119,
          "sendSuccessesPerSec": 37.30137069674994,
          "sendFailures": null,
          "sendSuccessRate": 1,
          "wsListenerLogins": 1,
          "wsMessagesReceived": 17119,
          "wsBroadcastP95Ms": 106,
          "wsBroadcastP99Ms": 235
        },
        {
          "roomKey": "room_05",
          "roomId": "2jvUF0",
          "sendAttempts": 20187,
          "sendSuccesses": 20187,
          "sendSuccessesPerSec": 43.986375971452254,
          "sendFailures": null,
          "sendSuccessRate": 1,
          "wsListenerLogins": 1,
          "wsMessagesReceived": 20187,
          "wsBroadcastP95Ms": 122,
          "wsBroadcastP99Ms": 259.1399999999994
        },
        {
          "roomKey": "room_06",
          "roomId": "24T2UC",
          "sendAttempts": 18668,
          "sendSuccesses": 18668,
          "sendSuccessesPerSec": 40.67655751895134,
          "sendFailures": null,
          "sendSuccessRate": 1,
          "wsListenerLogins": 1,
          "wsMessagesReceived": 18668,
          "wsBroadcastP95Ms": 105,
          "wsBroadcastP99Ms": 244.3299999999981
        },
        {
          "roomKey": "room_07",
          "roomId": "1jEKEb",
          "sendAttempts": 18706,
          "sendSuccesses": 18706,
          "sendSuccessesPerSec": 40.75935745390528,
          "sendFailures": null,
          "sendSuccessRate": 1,
          "wsListenerLogins": 1,
          "wsMessagesReceived": 18706,
          "wsBroadcastP95Ms": 115.75,
          "wsBroadcastP99Ms": 258.9500000000007
        },
        {
          "roomKey": "room_08",
          "roomId": "30SF6n",
          "sendAttempts": 18622,
          "sendSuccesses": 18622,
          "sendSuccessesPerSec": 40.576326018743934,
          "sendFailures": null,
          "sendSuccessRate": 1,
          "wsListenerLogins": 1,
          "wsMessagesReceived": 18621,
          "wsBroadcastP95Ms": 78,
          "wsBroadcastP99Ms": 138.79999999999927
        },
        {
          "roomKey": "room_09",
          "roomId": "2TFpRH",
          "sendAttempts": 18660,
          "sendSuccesses": 18660,
          "sendSuccessesPerSec": 40.659125953697874,
          "sendFailures": null,
          "sendSuccessRate": 1,
          "wsListenerLogins": 1,
          "wsMessagesReceived": 18660,
          "wsBroadcastP95Ms": 105,
          "wsBroadcastP99Ms": 238
        },
        {
          "roomKey": "room_10",
          "roomId": "3yVhLG",
          "sendAttempts": 18621,
          "sendSuccesses": 18621,
          "sendSuccessesPerSec": 40.57414707308725,
          "sendFailures": null,
          "sendSuccessRate": 1,
          "wsListenerLogins": 1,
          "wsMessagesReceived": 18621,
          "wsBroadcastP95Ms": 107,