{
  "roomCount": 20,
  "participantsPerRoom": 50,
  "totalParticipants": 1000,
  "setupTopologySource": "fixed-cache",
  "setupRoomDuration": "DAY_3",
  "setupShardCount": 8,
  "setupShardCounts": [
    3,
    3,
    1,
    3,
    3,
    1,
    3,
    3
  ],
  "setupActualMaxRoomsPerShard": 3,
  "wsListenersPerRoom": 1,
  "totalWsListenerCount": 20,
  "totalSendAttempts": 365881,
  "totalSendSuccesses": 365881,
  "totalSendSuccessesPerSec": 820.1616258518276,
  "totalSendFailures": null,
  "totalSendSuccessRate": 1,
  "totalHttpP95Ms": 71.2581,
  "totalHttpP99Ms": 144.57695,
  "totalHttpReqRate": 824.1292712823303,
  "totalHttpReqFailedRate": 0,
  "totalWsBroadcastP95Ms": 116,
  "totalWsBroadcastP99Ms": 276,
  "totalWsListenerLogins": 20,
  "totalWsMessagesReceived": 365879,
  "sendRateLimited": null,
  "sendRoomGlobalLimited": null,
  "sendUserRoomLimited": null,
  "sendUserGlobalLimited": null,
  "sendRoomBusyFailures": null,
  "sendSystemBusyFailures": null,
  "sendTimeoutFailures": null,
  "sendTransportFailures": null,
  "sendOtherBusinessFailures": null,
  "sendUnknownFailures": null,
  "roomWsConnectFailures": 0,
  "roomWsLoginFailures": null,
  "perRoomSendSuccessesPerSec": {
    "room_01": 39.2101999267526,
    "room_02": 42.80349689008352,
    "room_03": 39.075703471481326,
    "room_04": 46.251089360203885,
    "room_05": 39.00621363625783,
    "room_06": 39.08242829424489,
    "room_07": 39.07794507906918,
    "room_08": 42.5972689920009,
    "room_09": 42.63313471340657,
    "room_10": 39.055529003190635,
    "room_11": 39.51505855870083,
    "room_12": 39.46574319176803,
    "room_13": 42.83936261148919,
    "room_14": 42.96489263640905,
    "room_15": 42.95592620605763,
    "room_16": 42.875228332894864,
    "room_17": 39.36935406549028,
    "room_18": 39.324521913733186,
    "room_19": 42.7698727762657,
    "room_20": 39.28865619232751
  },
  "perRoomSendSuccessRate": {
    "room_01": 1,
    "room_02": 1,
    "room_03": 1,
    "room_04": 1,
    "room_05": 1,
    "room_06": 1,
    "room_07": 1,
    "room_08": 1,
    "room_09": 1,
    "room_10": 1,
    "room_11": 1,
    "room_12": 1,
    "room_13": 1,
    "room_14": 1,
    "room_15": 1,
    "room_16": 1,
    "room_17": 1,
    "room_18": 1,
    "room_19": 1,
    "room_20": 1
  },
  "perRoomWsListenerLogins": {
    "room_01": 1,
    "room_02": 1,
    "room_03": 1,
    "room_04": 1,
    "room_05": 1,
    "room_06": 1,
    "room_07": 1,
    "room_08": 1,
    "room_09": 1,
    "room_10": 1,
    "room_11": 1,
    "room_12": 1,
    "room_13": 1,
    "room_14": 1,
    "room_15": 1,
    "room_16": 1,
    "room_17": 1,
    "room_18": 1,
    "room_19": 1,
    "room_20": 1
  },
  "perRoomWsBroadcastP95Ms": {
    "room_01": 131,
    "room_02": 122.29999999999927,
    "room_03": 122.45000000000073,
    "room_04": 133,
    "room_05": 119,
    "room_06": 124,
    "room_07": 112,
    "room_08": 73,
    "room_09": 133,
    "room_10": 110,
    "room_11": 110,
    "room_12": 115,
    "room_13": 119.5,
    "room_14": 75,
    "room_15": 126,
    "room_16": 131,
    "room_17": 110,
    "room_18": 122,
    "room_19": 120,
    "room_20": 133
  },
  "perRoomWsBroadcastP99Ms": {
    "room_01": 303,
    "room_02": 286,
    "room_03": 323.3799999999974,
    "room_04": 309.6800000000003,
    "room_05": 262,
    "room_06": 302,
    "room_07": 247.6800000000003,
    "room_08": 149,
    "room_09": 321.8199999999997,
    "room_10": 236.77999999999884,
    "room_11": 237.72999999999956,
    "room_12": 333.90000000000146,
    "room_13": 261.8000000000029,
    "room_14": 152,
    "room_15": 301.3899999999994,
    "room_16": 308.7400000000016,
    "room_17": 235,
    "room_18": 285.1599999999962,
    "room_19": 334,
    "room_20": 308
  },
  "roomSkew": 1.18573645192805,
  "roomsMissingWsListener": [],
  "roomsWithExtraWsListeners": [],
  "rooms": [
        {
          "roomKey": "room_01",
          "roomId": "2MAy2O",
          "sendAttempts": 17492,
          "sendSuccesses": 17492,
          "sendSuccessesPerSec": 39.2101999267526,
          "sendFailures": null,
          "sendSuccessRate": 1,
          "wsListenerLogins": 1,
          "wsMessagesReceived": 17492,
          "wsBroadcastP95Ms": 131,
          "wsBroadcastP99Ms": 303
        },
        {
          "roomKey": "room_02",
          "roomId": "2PHhda",
          "sendAttempts": 19095,
          "sendSuccesses": 19095,
          "sendSuccessesPerSec": 42.80349689008352,
          "sendFailures": null,
          "sendSuccessRate": 1,
          "wsListenerLogins": 1,
          "wsMessagesReceived": 19095,
          "wsBroadcastP95Ms": 122.29999999999927,
          "wsBroadcastP99Ms": 286
        },
        {
          "roomKey": "room_03",
          "roomId": "387sQc",
          "sendAttempts": 17432,
          "sendSuccesses": 17432,
          "sendSuccessesPerSec": 39.075703471481326,
          "sendFailures": null,
          "sendSuccessRate": 1,
          "wsListenerLogins": 1,
          "wsMessagesReceived": 17432,
          "wsBroadcastP95Ms": 122.45000000000073,
          "wsBroadcastP99Ms": 323.3799999999974
        },
        {
          "roomKey": "room_04",
          "roomId": "4LZDSf",
          "sendAttempts": 20633,
          "sendSuccesses": 20633,
          "sendSuccessesPerSec": 46.251089360203885,
          "sendFailures": null,
          "sendSuccessRate": 1,
          "wsListenerLogins": 1,
          "wsMessagesReceived": 20633,
          "wsBroadcastP95Ms": 133,
          "wsBroadcastP99Ms": 309.6800000000003
        },
        {
          "roomKey": "room_05",
          "roomId": "2jvUF0",
          "sendAttempts": 17401,
          "sendSuccesses": 17401,
          "sendSuccessesPerSec": 39.00621363625783,
          "sendFailures": null,
          "sendSuccessRate": 1,
          "wsListenerLogins": 1,
          "wsMessagesReceived": 17401,
          "wsBroadcastP95Ms": 119,
          "wsBroadcastP99Ms": 262
        },
        {
          "roomKey": "room_06",
          "roomId": "24T2UC",
          "sendAttempts": 17435,
          "sendSuccesses": 17435,
          "sendSuccessesPerSec": 39.08242829424489,
          "sendFailures": null,
          "sendSuccessRate": 1,
          "wsListenerLogins": 1,
          "wsMessagesReceived": 17435,
          "wsBroadcastP95Ms": 124,
          "wsBroadcastP99Ms": 302
        },
        {
          "roomKey": "room_07",
          "roomId": "1jEKEb",
          "sendAttempts": 17433,
          "sendSuccesses": 17433,
          "sendSuccessesPerSec": 39.07794507906918,
          "sendFailures": null,
          "sendSuccessRate": 1,
          "wsListenerLogins": 1,
          "wsMessagesReceived": 17433,
          "wsBroadcastP95Ms": 112,
          "wsBroadcastP99Ms": 247.6800000000003
        },
        {
          "roomKey": "room_08",
          "roomId": "30SF6n",
          "sendAttempts": 19003,
          "sendSuccesses": 19003,
          "sendSuccessesPerSec": 42.5972689920009,
          "sendFailures": null,
          "sendSuccessRate": 1,
          "wsListenerLogins": 1,
          "wsMessagesReceived": 19002,
          "wsBroadcastP95Ms": 73,
          "wsBroadcastP99Ms": 149
        },
        {
          "roomKey": "room_09",
          "roomId": "2TFpRH",
          "sendAttempts": 19019,
          "sendSuccesses": 19019,
          "sendSuccessesPerSec": 42.63313471340657,
          "sendFailures": null,
          "sendSuccessRate": 1,
          "wsListenerLogins": 1,
          "wsMessagesReceived": 19019,
          "wsBroadcastP95Ms": 133,
          "wsBroadcastP99Ms": 321.8199999999997
        },
        {
          "roomKey": "room_10",
          "roomId": "3yVhLG",
          "sendAttempts": 17423,
          "sendSuccesses": 17423,
          "sendSuccessesPerSec": 39.055529003190635,
          "sendFailures": null,
          "sendSuccessRate": 1,
          "wsListenerLogins": 1,
          "wsMessagesReceived": 17423,
          "wsBroadcastP95Ms": 110,