{
    "runDir":  "D:\\javaproject\\FlashChat\\perf\\results\\20260419-233835-ten-room-multi-room-20x50-250vu",
    "summaryPath":  "D:\\javaproject\\FlashChat\\perf\\results\\20260419-233835-ten-room-multi-room-20x50-250vu\\ten-room-summary.json",
    "totalSendSuccesses":  365881,
    "totalSendSuccessesPerSec":  820.1616258518276,
    "totalSendSuccessRate":  1,
    "totalHttpP95Ms":  71.2581,
    "totalHttpP99Ms":  144.57695,
    "totalWsListenerLogins":  20,
    "totalWsBroadcastP95Ms":  116,
    "totalWsBroadcastP99Ms":  276,
    "perRoomSendSuccessesPerSec":  {
                                       "room_01":  39.2101999267526,
                                       "room_02":  42.80349689008352,
                                       "room_03":  39.075703471481326,
                                       "room_04":  46.251089360203885,
                                       "room_05":  39.00621363625783,
                                       "room_06":  39.08242829424489,
                                       "room_07":  39.07794507906918,
                                       "room_08":  42.5972689920009,
                                       "room_09":  42.63313471340657,
                                       "room_10":  39.055529003190635,
                                       "room_11":  39.51505855870083,
                                       "room_12":  39.46574319176803,
                                       "room_13":  42.83936261148919,
                                       "room_14":  42.96489263640905,
                                       "room_15":  42.95592620605763,
                                       "room_16":  42.875228332894864,
                                       "room_17":  39.36935406549028,
                                       "room_18":  39.324521913733186,
                                       "room_19":  42.7698727762657,
                                       "room_20":  39.28865619232751
                                   },
    "perRoomSendSuccessRate":  {
                                   "room_01":  1,
                                   "room_02":  1,
                                   "room_03":  1,
                                   "room_04":  1,
                                   "room_05":  1,
                                   "room_06":  1,
                                   "room_07":  1,
                                   "room_08":  1,
                                   "room_09":  1,
                                   "room_10":  1,
                                   "room_11":  1,
                                   "room_12":  1,
                                   "room_13":  1,
                                   "room_14":  1,
                                   "room_15":  1,
                                   "room_16":  1,
                                   "room_17":  1,
                                   "room_18":  1,
                                   "room_19":  1,
                                   "room_20":  1
                               },
    "perRoomWsListenerLogins":  {
                                    "room_01":  1,
                                    "room_02":  1,
                                    "room_03":  1,
                                    "room_04":  1,
                                    "room_05":  1,
                                    "room_06":  1,
                                    "room_07":  1,
                                    "room_08":  1,
                                    "room_09":  1,
                                    "room_10":  1,
                                    "room_11":  1,
                                    "room_12":  1,
                                    "room_13":  1,
                                    "room_14":  1,
                                    "room_15":  1,
                                    "room_16":  1,
                                    "room_17":  1,
                                    "room_18":  1,
                                    "room_19":  1,
                                    "room_20":  1
                                },
    "perRoomWsBroadcastP95Ms":  {
                                    "room_01":  131,
                                    "room_02":  122.29999999999927,
                                    "room_03":  122.45000000000073,
                                    "room_04":  133,
                                    "room_05":  119,
                                    "room_06":  124,
                                    "room_07":  112,
                                    "room_08":  73,
                                    "room_09":  133,
                                    "room_10":  110,
                                    "room_11":  110,
                                    "room_12":  115,
                                    "room_13":  119.5,
                                    "room_14":  75,
                                    "room_15":  126,
                                    "room_16":  131,
                                    "room_17":  110,
                                    "room_18":  122,
                                    "room_19":  120,
                                    "room_20":  133
                                },
    "perRoomWsBroadcastP99Ms":  {
                                    "room_01":  303,
                                    "room_02":  286,
                                    "room_03":  323.3799999999974,
                                    "room_04":  309.6800000000003,
                                    "room_05":  262,
                                    "room_06":  302,
                                    "room_07":  247.6800000000003,
                                    "room_08":  149,
                                    "room_09":  321.8199999999997,
                                    "room_10":  236.77999999999884,
                                    "room_11":  237.72999999999956,
                                    "room_12":  333.90000000000146,
                                    "room_13":  261.8000000000029,
                                    "room_14":  152,
                                    "room_15":  301.3899999999994,
                                    "room_16":  308.7400000000016,
                                    "room_17":  235,
                                    "room_18":  285.1599999999962,
                                    "room_19":  334,
                                    "room_20":  308
                                },
    "roomSkew":  1.18573645192805,
    "roomsMissingWsListener":  [

                               ],
    "roomsWithExtraWsListeners":  [

                                  ],
    "sendTimeoutFailures":  null,
    "sendTransportFailures":  null,
    "sendRateLimited":  null,
    "sendRoomGlobalLimited":  null,
    "sendUserRoomLimited":  null,
    "runtimeSummary":  {
                           "sampleCount":  42,
                           "firstSampleAt":  "2026-04-19T23:38:46",
                           "lastSampleAt":  "2026-04-19T23:46:06",
                           "processCpuUsage":  {
                                                   "min":  0.0010439007395173223,
                                                   "max":  0.18341734764942416,
                                                   "avg":  0.10980044937917882,
                                                   "last":  0.0028475290263896415
                                               },
                           "hikariPending":  null,
                           "mailboxBacklog":  {
                                                  "min":  1,
                                                  "max":  112,
                                                  "avg":  38.666666666666664,
                                                  "last":  1
                                              },